item_name,segment_code,expenditure_value,segment_value,segment_type
Households in population (thousands),281,104,יהודה והשומרון,Geographic Region
,281,±7.9,יהודה והשומרון,Geographic Region
Average persons in household,281,4.35,יהודה והשומרון,Geographic Region
,281,±0.2,יהודה והשומרון,Geographic Region
Average standard persons in household,281,3.28,יהודה והשומרון,Geographic Region
,281,±0.1,יהודה והשומרון,Geographic Region
Average earners in household,281,1.57,יהודה והשומרון,Geographic Region
,281,±0.1,יהודה והשומרון,Geographic Region
Average age of economic head of household,281,42.9,יהודה והשומרון,Geographic Region
,281,±2.0,יהודה והשומרון,Geographic Region
"Average years of schooling 
of economic head of  household",281,15.7,יהודה והשומרון,Geographic Region
,281,±0.6,יהודה והשומרון,Geographic Region
Net money income per household,281,16603,יהודה והשומרון,Geographic Region
,281,"±1,352.6",יהודה והשומרון,Geographic Region
Net money income per person,281,3813.5,יהודה והשומרון,Geographic Region
,281,±310.1,יהודה והשומרון,Geographic Region
Money expenditure per household,281,13653,יהודה והשומרון,Geographic Region
,281,"±1,148.3",יהודה והשומרון,Geographic Region
Money expenditure per person,281,3136,יהודה והשומרון,Geographic Region
,281,±261.1,יהודה והשומרון,Geographic Region
Median of  gross money income per household,281,15290,יהודה והשומרון,Geographic Region
,281,"±1,319.4",יהודה והשומרון,Geographic Region
Gross money income – total,281,19492,יהודה והשומרון,Geographic Region
,281,"±1,893.0",יהודה והשומרון,Geographic Region
From work,281,15484,יהודה והשומרון,Geographic Region
,281,"±1,991.6",יהודה והשומרון,Geographic Region
From wages and salary,281,13414,יהודה והשומרון,Geographic Region
,281,"±1,859.0",יהודה והשומרון,Geographic Region
From self-employment and occasional work,281,"(2,070)",יהודה והשומרון,Geographic Region
,281,±813.9,יהודה והשומרון,Geographic Region
From capital,281,(468),יהודה והשומרון,Geographic Region
,281,±155.0,יהודה והשומרון,Geographic Region
From pensions and provident funds,281,"(1,015)",יהודה והשומרון,Geographic Region
,281,±349.0,יהודה והשומרון,Geographic Region
From allowances and assistance,281,"2,524",יהודה והשומרון,Geographic Region
,281,±417.1,יהודה והשומרון,Geographic Region
From National Insurance Institute,281,"1,619",יהודה והשומרון,Geographic Region
,281,±327.5,יהודה והשומרון,Geographic Region
From other institutions in Israel,281,(557),יהודה והשומרון,Geographic Region
,281,±179.5,יהודה והשומרון,Geographic Region
From households and other ,281,(348),יהודה והשומרון,Geographic Region
,281,±199.6,יהודה והשומרון,Geographic Region
Compulsory payments – total,281,"2,889",יהודה והשומרון,Geographic Region
,281,±618.0,יהודה והשומרון,Geographic Region
Income tax,281,"1,609",יהודה והשומרון,Geographic Region
,281,±442.3,יהודה והשומרון,Geographic Region
National insurance payments,281,629,יהודה והשומרון,Geographic Region
,281,±111.4,יהודה והשומרון,Geographic Region
National health insurance,281,651,יהודה והשומרון,Geographic Region
,281,±84.1,יהודה והשומרון,Geographic Region
Transfers to other households(2),281,(203),יהודה והשומרון,Geographic Region
,281,±66.9,יהודה והשומרון,Geographic Region
Mortgage payments (principal+interest)(3),281,"1,703",יהודה והשומרון,Geographic Region
,281,±298.7,יהודה והשומרון,Geographic Region
Households in population (thousands),471,228.5,באר שבע,Geographic Region
,471,±25.0,באר שבע,Geographic Region
Average persons in household,471,3.61,באר שבע,Geographic Region
,471,±0.2,באר שבע,Geographic Region
Average standard persons in household,471,2.87,באר שבע,Geographic Region
,471,±0.1,באר שבע,Geographic Region
Average earners in household,471,1.37,באר שבע,Geographic Region
,471,±0.1,באר שבע,Geographic Region
Average age of economic head of household,471,47.61,באר שבע,Geographic Region
,471,±2.4,באר שבע,Geographic Region
"Average years of schooling 
of economic head of  household",471,13,באר שבע,Geographic Region
,471,±0.5,באר שבע,Geographic Region
Net money income per household,471,15549,באר שבע,Geographic Region
,471,"±1,599.4",באר שבע,Geographic Region
Net money income per person,471,4311.2,באר שבע,Geographic Region
,471,±453.5,באר שבע,Geographic Region
Money expenditure per household,471,12100,באר שבע,Geographic Region
,471,±787.8,באר שבע,Geographic Region
Money expenditure per person,471,3354.9,באר שבע,Geographic Region
,471,±291.1,באר שבע,Geographic Region
Median of  gross money income per household,471,13124,באר שבע,Geographic Region
,471,"±2,193.6",באר שבע,Geographic Region
Gross money income – total,471,17518,באר שבע,Geographic Region
,471,"±1,970.1",באר שבע,Geographic Region
From work,471,13249,באר שבע,Geographic Region
,471,"±1,824.2",באר שבע,Geographic Region
From wages and salary,471,11891,באר שבע,Geographic Region
,471,"±1,737.9",באר שבע,Geographic Region
From self-employment and occasional work,471,"(1,358)",באר שבע,Geographic Region
,471,±524.8,באר שבע,Geographic Region
From capital,471,(266),באר שבע,Geographic Region
,471,±107.7,באר שבע,Geographic Region
From pensions and provident funds,471,935,באר שבע,Geographic Region
,471,±257.2,באר שבע,Geographic Region
From allowances and assistance,471,"3,068",באר שבע,Geographic Region
,471,±491.6,באר שבע,Geographic Region
From National Insurance Institute,471,"2,493",באר שבע,Geographic Region
,471,±378.0,באר שבע,Geographic Region
From other institutions in Israel,471,(485),באר שבע,Geographic Region
,471,±240.2,באר שבע,Geographic Region
From households and other ,471,(90),באר שבע,Geographic Region
,471,±47.8,באר שבע,Geographic Region
Compulsory payments – total,471,"1,970",באר שבע,Geographic Region
,471,±445.9,באר שבע,Geographic Region
Income tax,471,(940),באר שבע,Geographic Region
,471,±285.6,באר שבע,Geographic Region
National insurance payments,471,493,באר שבע,Geographic Region
,471,±101.0,באר שבע,Geographic Region
National health insurance,471,536,באר שבע,Geographic Region
,471,±76.4,באר שבע,Geographic Region
Transfers to other households(2),471,271,באר שבע,Geographic Region
,471,±62.1,באר שבע,Geographic Region
Mortgage payments (principal+interest)(3),471,789,באר שבע,Geographic Region
,471,±154.3,באר שבע,Geographic Region
Households in population (thousands),405,175.4,אשקלון,Geographic Region
,405,±12.9,אשקלון,Geographic Region
Average persons in household,405,3.08,אשקלון,Geographic Region
,405,±0.1,אשקלון,Geographic Region
Average standard persons in household,405,2.59,אשקלון,Geographic Region
,405,±0.1,אשקלון,Geographic Region
Average earners in household,405,1.43,אשקלון,Geographic Region
,405,±0.1,אשקלון,Geographic Region
Average age of economic head of household,405,50.4,אשקלון,Geographic Region
,405,±1.5,אשקלון,Geographic Region
"Average years of schooling 
of economic head of  household",405,13.8,אשקלון,Geographic Region
,405,±0.5,אשקלון,Geographic Region
Net money income per household,405,16006,אשקלון,Geographic Region
,405,±973.3,אשקלון,Geographic Region
Net money income per person,405,5201.8,אשקלון,Geographic Region
,405,±316.2,אשקלון,Geographic Region
Money expenditure per household,405,12223,אשקלון,Geographic Region
,405,±872.6,אשקלון,Geographic Region
Money expenditure per person,405,3972.3,אשקלון,Geographic Region
,405,±272.0,אשקלון,Geographic Region
Median of  gross money income per household,405,15380,אשקלון,Geographic Region
,405,"±1,319.2",אשקלון,Geographic Region
Gross money income – total,405,18347,אשקלון,Geographic Region
,405,"±1,244.0",אשקלון,Geographic Region
From work,405,14236,אשקלון,Geographic Region
,405,"±1,226.6",אשקלון,Geographic Region
From wages and salary,405,12594,אשקלון,Geographic Region
,405,"±1,190.5",אשקלון,Geographic Region
From self-employment and occasional work,405,"(1,641)",אשקלון,Geographic Region
,405,±553.6,אשקלון,Geographic Region
From capital,405,.. ,אשקלון,Geographic Region
,405,.. ,אשקלון,Geographic Region
From pensions and provident funds,405,"1,023",אשקלון,Geographic Region
,405,±274.3,אשקלון,Geographic Region
From allowances and assistance,405,"2,564",אשקלון,Geographic Region
,405,±337.6,אשקלון,Geographic Region
From National Insurance Institute,405,"2,193",אשקלון,Geographic Region
,405,±301.3,אשקלון,Geographic Region
From other institutions in Israel,405,(277),אשקלון,Geographic Region
,405,±111.1,אשקלון,Geographic Region
From households and other ,405,(95),אשקלון,Geographic Region
,405,±54.6,אשקלון,Geographic Region
Compulsory payments – total,405,"2,341",אשקלון,Geographic Region
,405,±345.1,אשקלון,Geographic Region
Income tax,405,"1,249",אשקלון,Geographic Region
,405,±257.8,אשקלון,Geographic Region
National insurance payments,405,530,אשקלון,Geographic Region
,405,±65.7,אשקלון,Geographic Region
National health insurance,405,562,אשקלון,Geographic Region
,405,±49.8,אשקלון,Geographic Region
Transfers to other households(2),405,278,אשקלון,Geographic Region
,405,±63.3,אשקלון,Geographic Region
Mortgage payments (principal+interest)(3),405,"1,155",אשקלון,Geographic Region
,405,±200.0,אשקלון,Geographic Region
Households in population (thousands),117,137.8,חולון,Geographic Region
,117,±23.1,חולון,Geographic Region
Average persons in household,117,2.98,חולון,Geographic Region
,117,±0.3,חולון,Geographic Region
Average standard persons in household,117,2.54,חולון,Geographic Region
,117,±0.2,חולון,Geographic Region
Average earners in household,117,1.5,חולון,Geographic Region
,117,±0.2,חולון,Geographic Region
Average age of economic head of household,117,49.6,חולון,Geographic Region
,117,±3.4,חולון,Geographic Region
"Average years of schooling 
of economic head of  household",117,12.8,חולון,Geographic Region
,117,±0.7,חולון,Geographic Region
Net money income per household,117,16960,חולון,Geographic Region
,117,"±1,694.3",חולון,Geographic Region
Net money income per person,117,5698.8,חולון,Geographic Region
,117,±613.0,חולון,Geographic Region
Money expenditure per household,117,14236,חולון,Geographic Region
,117,"±1,344.7",חולון,Geographic Region
Money expenditure per person,117,4783.5,חולון,Geographic Region
,117,±559.0,חולון,Geographic Region
Median of  gross money income per household,117,16591,חולון,Geographic Region
,117,"±2,045.8",חולון,Geographic Region
Gross money income – total,117,19757,חולון,Geographic Region
,117,"±2,338.3",חולון,Geographic Region
From work,117,15617,חולון,Geographic Region
,117,"±2,401.6",חולון,Geographic Region
From wages and salary,117,13108,חולון,Geographic Region
,117,"±2,340.9",חולון,Geographic Region
From self-employment and occasional work,117,"(2,509)",חולון,Geographic Region
,117,"±1,331.5",חולון,Geographic Region
From capital,117,(390),חולון,Geographic Region
,117,±229.7,חולון,Geographic Region
From pensions and provident funds,117,(650),חולון,Geographic Region
,117,±353.4,חולון,Geographic Region
From allowances and assistance,117,"3,101",חולון,Geographic Region
,117,±722.0,חולון,Geographic Region
From National Insurance Institute,117,"2,385",חולון,Geographic Region
,117,±524.3,חולון,Geographic Region
From other institutions in Israel,117,(392),חולון,Geographic Region
,117,±237.7,חולון,Geographic Region
From households and other ,117,.. ,חולון,Geographic Region
,117,.. ,חולון,Geographic Region
Compulsory payments – total,117,"2,798",חולון,Geographic Region
,117,±731.9,חולון,Geographic Region
Income tax,117,"(1,547)",חולון,Geographic Region
,117,±508.5,חולון,Geographic Region
National insurance payments,117,636,חולון,Geographic Region
,117,±147.4,חולון,Geographic Region
National health insurance,117,615,חולון,Geographic Region
,117,±101.6,חולון,Geographic Region
Transfers to other households(2),117,(264),חולון,Geographic Region
,117,±107.6,חולון,Geographic Region
Mortgage payments (principal+interest)(3),117,.. ,חולון,Geographic Region
,117,..,חולון,Geographic Region
Households in population (thousands),132,133.7,רמת גן,Geographic Region
,132,±21.3,רמת גן,Geographic Region
Average persons in household,132,2.69,רמת גן,Geographic Region
,132,±0.3,רמת גן,Geographic Region
Average standard persons in household,132,2.36,רמת גן,Geographic Region
,132,±0.2,רמת גן,Geographic Region
Average earners in household,132,1.27,רמת גן,Geographic Region
,132,±0.1,רמת גן,Geographic Region
Average age of economic head of household,132,51,רמת גן,Geographic Region
,132,±3.2,רמת גן,Geographic Region
"Average years of schooling 
of economic head of  household",132,15.2,רמת גן,Geographic Region
,132,±0.6,רמת גן,Geographic Region
Net money income per household,132,19911,רמת גן,Geographic Region
,132,"±2,280.6",רמת גן,Geographic Region
Net money income per person,132,7409,רמת גן,Geographic Region
,132,±945.7,רמת גן,Geographic Region
Money expenditure per household,132,16481,רמת גן,Geographic Region
,132,"±3,180.5",רמת גן,Geographic Region
Money expenditure per person,132,6132.7,רמת גן,Geographic Region
,132,"±1,229.8",רמת גן,Geographic Region
Median of  gross money income per household,132,19272,רמת גן,Geographic Region
,132,"±4,473.6",רמת גן,Geographic Region
Gross money income – total,132,24885,רמת גן,Geographic Region
,132,"±3,308.9",רמת גן,Geographic Region
From work,132,18525,רמת גן,Geographic Region
,132,"±3,112.7",רמת גן,Geographic Region
From wages and salary,132,15573,רמת גן,Geographic Region
,132,"±3,009.0",רמת גן,Geographic Region
From self-employment and occasional work,132,"(2,952)",רמת גן,Geographic Region
,132,"±1,702.1",רמת גן,Geographic Region
From capital,132,"(2,294)",רמת גן,Geographic Region
,132,±916.6,רמת גן,Geographic Region
From pensions and provident funds,132,"(1,674)",רמת גן,Geographic Region
,132,±637.3,רמת גן,Geographic Region
From allowances and assistance,132,"2,392",רמת גן,Geographic Region
,132,±485.9,רמת גן,Geographic Region
From National Insurance Institute,132,"1,966",רמת גן,Geographic Region
,132,±440.2,רמת גן,Geographic Region
From other institutions in Israel,132,.. ,רמת גן,Geographic Region
,132,.. ,רמת גן,Geographic Region
From households and other ,132,.. ,רמת גן,Geographic Region
,132,.. ,רמת גן,Geographic Region
Compulsory payments – total,132,"4,973",רמת גן,Geographic Region
,132,"±1,147.5",רמת גן,Geographic Region
Income tax,132,"3,386",רמת גן,Geographic Region
,132,±879.3,רמת גן,Geographic Region
National insurance payments,132,860,רמת גן,Geographic Region
,132,±189.4,רמת גן,Geographic Region
National health insurance,132,728,רמת גן,Geographic Region
,132,±135.4,רמת גן,Geographic Region
Transfers to other households(2),132,(565),רמת גן,Geographic Region
,132,±267.2,רמת גן,Geographic Region
Mortgage payments (principal+interest)(3),132,"(1,117)",רמת גן,Geographic Region
,132,±589.5,רמת גן,Geographic Region
Households in population (thousands),218,288.3,תל אביב,Geographic Region
,218,±26.1,תל אביב,Geographic Region
Average persons in household,218,2.42,תל אביב,Geographic Region
,218,±0.1,תל אביב,Geographic Region
Average standard persons in household,218,2.2,תל אביב,Geographic Region
,218,±0.1,תל אביב,Geographic Region
Average earners in household,218,1.42,תל אביב,Geographic Region
,218,±0.1,תל אביב,Geographic Region
Average age of economic head of household,218,46.8,תל אביב,Geographic Region
,218,±1.7,תל אביב,Geographic Region
"Average years of schooling 
of economic head of  household",218,15.7,תל אביב,Geographic Region
,218,±0.5,תל אביב,Geographic Region
Net money income per household,218,25178,תל אביב,Geographic Region
,218,"±2,711.1",תל אביב,Geographic Region
Net money income per person,218,10398.6,תל אביב,Geographic Region
,218,"±1,069.2",תל אביב,Geographic Region
Money expenditure per household,218,19552,תל אביב,Geographic Region
,218,"±2,436.4",תל אביב,Geographic Region
Money expenditure per person,218,8075.1,תל אביב,Geographic Region
,218,±960.1,תל אביב,Geographic Region
Median of  gross money income per household,218,22783,תל אביב,Geographic Region
,218,"±3,948.1",תל אביב,Geographic Region
Gross money income – total,218,34154,תל אביב,Geographic Region
,218,"±4,409.9",תל אביב,Geographic Region
From work,218,26732,תל אביב,Geographic Region
,218,"±3,571.2",תל אביב,Geographic Region
From wages and salary,218,21555,תל אביב,Geographic Region
,218,"±2,994.6",תל אביב,Geographic Region
From self-employment and occasional work,218,"(5,177)",תל אביב,Geographic Region
,218,"±2,574.7",תל אביב,Geographic Region
From capital,218,.. ,תל אביב,Geographic Region
,218,.. ,תל אביב,Geographic Region
From pensions and provident funds,218,"(1,372)",תל אביב,Geographic Region
,218,±551.0,תל אביב,Geographic Region
From allowances and assistance,218,"2,061",תל אביב,Geographic Region
,218,±448.8,תל אביב,Geographic Region
From National Insurance Institute,218,"1,503",תל אביב,Geographic Region
,218,±360.9,תל אביב,Geographic Region
From other institutions in Israel,218,.. ,תל אביב,Geographic Region
,218,.. ,תל אביב,Geographic Region
From households and other ,218,(388),תל אביב,Geographic Region
,218,±223.4,תל אביב,Geographic Region
Compulsory payments – total,218,"8,976",תל אביב,Geographic Region
,218,"±1,832.7",תל אביב,Geographic Region
Income tax,218,"6,664",תל אביב,Geographic Region
,218,"±1,598.7",תל אביב,Geographic Region
National insurance payments,218,"1,295",תל אביב,Geographic Region
,218,±213.5,תל אביב,Geographic Region
National health insurance,218,"1,017",תל אביב,Geographic Region
,218,±123.8,תל אביב,Geographic Region
Transfers to other households(2),218,(880),תל אביב,Geographic Region
,218,±533.1,תל אביב,Geographic Region
Mortgage payments (principal+interest)(3),218,"(2,326)",תל אביב,Geographic Region
,218,"±1,035.0",תל אביב,Geographic Region
Households in population (thousands),362,192.9,רחובות,Geographic Region
,362,±16.6,רחובות,Geographic Region
Average persons in household,362,2.95,רחובות,Geographic Region
,362,±0.2,רחובות,Geographic Region
Average standard persons in household,362,2.52,רחובות,Geographic Region
,362,±0.1,רחובות,Geographic Region
Average earners in household,362,1.45,רחובות,Geographic Region
,362,±0.1,רחובות,Geographic Region
Average age of economic head of household,362,50.3,רחובות,Geographic Region
,362,±1.9,רחובות,Geographic Region
"Average years of schooling 
of economic head of  household",362,14.2,רחובות,Geographic Region
,362,±0.4,רחובות,Geographic Region
Net money income per household,362,19769,רחובות,Geographic Region
,362,"±1,368.3",רחובות,Geographic Region
Net money income per person,362,6712,רחובות,Geographic Region
,362,±421.3,רחובות,Geographic Region
Money expenditure per household,362,13737,רחובות,Geographic Region
,362,±945.4,רחובות,Geographic Region
Money expenditure per person,362,4664.1,רחובות,Geographic Region
,362,±280.4,רחובות,Geographic Region
Median of  gross money income per household,362,19214,רחובות,Geographic Region
,362,"±2,706.2",רחובות,Geographic Region
Gross money income – total,362,24006,רחובות,Geographic Region
,362,"±1,912.7",רחובות,Geographic Region
From work,362,18140,רחובות,Geographic Region
,362,"±1,851.6",רחובות,Geographic Region
From wages and salary,362,15228,רחובות,Geographic Region
,362,"±1,689.3",רחובות,Geographic Region
From self-employment and occasional work,362,"(2,912)",רחובות,Geographic Region
,362,±897.9,רחובות,Geographic Region
From capital,362,(957),רחובות,Geographic Region
,362,±371.5,רחובות,Geographic Region
From pensions and provident funds,362,"2,163",רחובות,Geographic Region
,362,±509.6,רחובות,Geographic Region
From allowances and assistance,362,"2,747",רחובות,Geographic Region
,362,±415.3,רחובות,Geographic Region
From National Insurance Institute,362,"2,119",רחובות,Geographic Region
,362,±330.3,רחובות,Geographic Region
From other institutions in Israel,362,(449),רחובות,Geographic Region
,362,±207.1,רחובות,Geographic Region
From households and other ,362,(179),רחובות,Geographic Region
,362,±86.1,רחובות,Geographic Region
Compulsory payments – total,362,"4,237",רחובות,Geographic Region
,362,±633.1,רחובות,Geographic Region
Income tax,362,"2,656",רחובות,Geographic Region
,362,±454.0,רחובות,Geographic Region
National insurance payments,362,840,רחובות,Geographic Region
,362,±116.9,רחובות,Geographic Region
National health insurance,362,741,רחובות,Geographic Region
,362,±80.3,רחובות,Geographic Region
Transfers to other households(2),362,.. ,רחובות,Geographic Region
,362,.. ,רחובות,Geographic Region
Mortgage payments (principal+interest)(3),362,"1,611",רחובות,Geographic Region
,362,±380.1,רחובות,Geographic Region
Households in population (thousands),260,130.9,רמלה,Geographic Region
,260,±15.2,רמלה,Geographic Region
Average persons in household,260,3.51,רמלה,Geographic Region
,260,±0.2,רמלה,Geographic Region
Average standard persons in household,260,2.85,רמלה,Geographic Region
,260,±0.1,רמלה,Geographic Region
Average earners in household,260,1.65,רמלה,Geographic Region
,260,±0.1,רמלה,Geographic Region
Average age of economic head of household,260,48.8,רמלה,Geographic Region
,260,±2.3,רמלה,Geographic Region
"Average years of schooling 
of economic head of  household",260,14.3,רמלה,Geographic Region
,260,±0.4,רמלה,Geographic Region
Net money income per household,260,21124,רמלה,Geographic Region
,260,"±1,592.9",רמלה,Geographic Region
Net money income per person,260,6021,רמלה,Geographic Region
,260,±442.6,רמלה,Geographic Region
Money expenditure per household,260,14706,רמלה,Geographic Region
,260,"±1,140.3",רמלה,Geographic Region
Money expenditure per person,260,4191.6,רמלה,Geographic Region
,260,±323.9,רמלה,Geographic Region
Median of  gross money income per household,260,21208,רמלה,Geographic Region
,260,"±3,006.1",רמלה,Geographic Region
Gross money income – total,260,25817,רמלה,Geographic Region
,260,"±2,236.1",רמלה,Geographic Region
From work,260,21004,רמלה,Geographic Region
,260,"±2,282.5",רמלה,Geographic Region
From wages and salary,260,17348,רמלה,Geographic Region
,260,"±2,198.0",רמלה,Geographic Region
From self-employment and occasional work,260,"(3,656)",רמלה,Geographic Region
,260,"±1,161.6",רמלה,Geographic Region
From capital,260,"(1,013)",רמלה,Geographic Region
,260,±309.8,רמלה,Geographic Region
From pensions and provident funds,260,"(1,460)",רמלה,Geographic Region
,260,±523.0,רמלה,Geographic Region
From allowances and assistance,260,"2,340",רמלה,Geographic Region
,260,±447.9,רמלה,Geographic Region
From National Insurance Institute,260,"1,970",רמלה,Geographic Region
,260,±387.8,רמלה,Geographic Region
From other institutions in Israel,260,.. ,רמלה,Geographic Region
,260,.. ,רמלה,Geographic Region
From households and other ,260,.. ,רמלה,Geographic Region
,260,.. ,רמלה,Geographic Region
Compulsory payments – total,260,"4,693",רמלה,Geographic Region
,260,±739.8,רמלה,Geographic Region
Income tax,260,"2,911",רמלה,Geographic Region
,260,±535.6,רמלה,Geographic Region
National insurance payments,260,940,רמלה,Geographic Region
,260,±137.4,רמלה,Geographic Region
National health insurance,260,842,רמלה,Geographic Region
,260,±98.9,רמלה,Geographic Region
Transfers to other households(2),260,(402),רמלה,Geographic Region
,260,±219.2,רמלה,Geographic Region
Mortgage payments (principal+interest)(3),260,"1,000",רמלה,Geographic Region
,260,±270.1,רמלה,Geographic Region
Households in population (thousands),230,232,פתח תקווה,Geographic Region
,230,±25.5,פתח תקווה,Geographic Region
Average persons in household,230,2.98,פתח תקווה,Geographic Region
,230,±0.2,פתח תקווה,Geographic Region
Average standard persons in household,230,2.54,פתח תקווה,Geographic Region
,230,±0.1,פתח תקווה,Geographic Region
Average earners in household,230,1.5,פתח תקווה,Geographic Region
,230,±0.1,פתח תקווה,Geographic Region
Average age of economic head of household,230,51.1,פתח תקווה,Geographic Region
,230,±1.9,פתח תקווה,Geographic Region
"Average years of schooling 
of economic head of  household",230,14.9,פתח תקווה,Geographic Region
,230,±0.5,פתח תקווה,Geographic Region
Net money income per household,230,21805,פתח תקווה,Geographic Region
,230,"±1,555.0",פתח תקווה,Geographic Region
Net money income per person,230,7328,פתח תקווה,Geographic Region
,230,±512.4,פתח תקווה,Geographic Region
Money expenditure per household,230,15806,פתח תקווה,Geographic Region
,230,"±1,327.0",פתח תקווה,Geographic Region
Money expenditure per person,230,5312.1,פתח תקווה,Geographic Region
,230,±493.3,פתח תקווה,Geographic Region
Median of  gross money income per household,230,21533,פתח תקווה,Geographic Region
,230,"±2,257.6",פתח תקווה,Geographic Region
Gross money income – total,230,26788,פתח תקווה,Geographic Region
,230,"±2,309.3",פתח תקווה,Geographic Region
From work,230,20726,פתח תקווה,Geographic Region
,230,"±2,315.6",פתח תקווה,Geographic Region
From wages and salary,230,18678,פתח תקווה,Geographic Region
,230,"±2,314.9",פתח תקווה,Geographic Region
From self-employment and occasional work,230,"(2,048)",פתח תקווה,Geographic Region
,230,"±1,009.1",פתח תקווה,Geographic Region
From capital,230,"(1,108)",פתח תקווה,Geographic Region
,230,±457.5,פתח תקווה,Geographic Region
From pensions and provident funds,230,"2,304",פתח תקווה,Geographic Region
,230,±611.6,פתח תקווה,Geographic Region
From allowances and assistance,230,"2,649",פתח תקווה,Geographic Region
,230,±608.5,פתח תקווה,Geographic Region
From National Insurance Institute,230,"1,736",פתח תקווה,Geographic Region
,230,±279.9,פתח תקווה,Geographic Region
From other institutions in Israel,230,.. ,פתח תקווה,Geographic Region
,230,.. ,פתח תקווה,Geographic Region
From households and other ,230,.. ,פתח תקווה,Geographic Region
,230,.. ,פתח תקווה,Geographic Region
Compulsory payments – total,230,"4,983",פתח תקווה,Geographic Region
,230,±850.3,פתח תקווה,Geographic Region
Income tax,230,"3,185",פתח תקווה,Geographic Region
,230,±629.9,פתח תקווה,Geographic Region
National insurance payments,230,956,פתח תקווה,Geographic Region
,230,±146.4,פתח תקווה,Geographic Region
National health insurance,230,841,פתח תקווה,Geographic Region
,230,±102.6,פתח תקווה,Geographic Region
Transfers to other households(2),230,(401),פתח תקווה,Geographic Region
,230,±161.6,פתח תקווה,Geographic Region
Mortgage payments (principal+interest)(3),230,"1,574",פתח תקווה,Geographic Region
,230,±387.4,פתח תקווה,Geographic Region
Households in population (thousands),143,128.4,השרון,Geographic Region
,143,±21.6,השרון,Geographic Region
Average persons in household,143,3.18,השרון,Geographic Region
,143,±0.3,השרון,Geographic Region
Average standard persons in household,143,2.66,השרון,Geographic Region
,143,±0.2,השרון,Geographic Region
Average earners in household,143,1.43,השרון,Geographic Region
,143,±0.2,השרון,Geographic Region
Average age of economic head of household,143,49.6,השרון,Geographic Region
,143,±3.4,השרון,Geographic Region
"Average years of schooling 
of economic head of  household",143,13.8,השרון,Geographic Region
,143,±0.6,השרון,Geographic Region
Net money income per household,143,21949,השרון,Geographic Region
,143,"±2,575.2",השרון,Geographic Region
Net money income per person,143,6892.3,השרון,Geographic Region
,143,±995.8,השרון,Geographic Region
Money expenditure per household,143,12574,השרון,Geographic Region
,143,"±1,424.7",השרון,Geographic Region
Money expenditure per person,143,3948.3,השרון,Geographic Region
,143,±490.6,השרון,Geographic Region
Median of  gross money income per household,143,24218,השרון,Geographic Region
,143,"±4,903.8",השרון,Geographic Region
Gross money income – total,143,26990,השרון,Geographic Region
,143,"±3,772.5",השרון,Geographic Region
From work,143,20730,השרון,Geographic Region
,143,"±3,789.4",השרון,Geographic Region
From wages and salary,143,16759,השרון,Geographic Region
,143,"±3,898.1",השרון,Geographic Region
From self-employment and occasional work,143,"(3,972)",השרון,Geographic Region
,143,"±1,621.9",השרון,Geographic Region
From capital,143,"(1,021)",השרון,Geographic Region
,143,±452.0,השרון,Geographic Region
From pensions and provident funds,143,"(2,007)",השרון,Geographic Region
,143,±855.9,השרון,Geographic Region
From allowances and assistance,143,"3,232",השרון,Geographic Region
,143,±720.2,השרון,Geographic Region
From National Insurance Institute,143,"2,570",השרון,Geographic Region
,143,±600.9,השרון,Geographic Region
From other institutions in Israel,143,(335),השרון,Geographic Region
,143,±196.4,השרון,Geographic Region
From households and other ,143,.. ,השרון,Geographic Region
,143,.. ,השרון,Geographic Region
Compulsory payments – total,143,"5,040",השרון,Geographic Region
,143,"±1,348.9",השרון,Geographic Region
Income tax,143,"(3,259)",השרון,Geographic Region
,143,"±1,053.8",השרון,Geographic Region
National insurance payments,143,973,השרון,Geographic Region
,143,±199.6,השרון,Geographic Region
National health insurance,143,808,השרון,Geographic Region
,143,±148.6,השרון,Geographic Region
Transfers to other households(2),143,(515),השרון,Geographic Region
,143,±202.2,השרון,Geographic Region
Mortgage payments (principal+interest)(3),143,.. ,השרון,Geographic Region
,143,.. ,השרון,Geographic Region
Households in population (thousands),323,137,חדרה,Geographic Region
,323,±18.0,חדרה,Geographic Region
Average persons in household,323,3.3,חדרה,Geographic Region
,323,±0.2,חדרה,Geographic Region
Average standard persons in household,323,2.73,חדרה,Geographic Region
,323,±0.1,חדרה,Geographic Region
Average earners in household,323,1.46,חדרה,Geographic Region
,323,±0.1,חדרה,Geographic Region
Average age of economic head of household,323,47.6,חדרה,Geographic Region
,323,±2.1,חדרה,Geographic Region
"Average years of schooling 
of economic head of  household",323,13.7,חדרה,Geographic Region
,323,±0.5,חדרה,Geographic Region
Net money income per household,323,17782,חדרה,Geographic Region
,323,"±1,568.3",חדרה,Geographic Region
Net money income per person,323,5384.1,חדרה,Geographic Region
,323,±485.0,חדרה,Geographic Region
Money expenditure per household,323,14378,חדרה,Geographic Region
,323,"±1,247.9",חדרה,Geographic Region
Money expenditure per person,323,4353.4,חדרה,Geographic Region
,323,±362.0,חדרה,Geographic Region
Median of  gross money income per household,323,16687,חדרה,Geographic Region
,323,"±3,227.3",חדרה,Geographic Region
Gross money income – total,323,21549,חדרה,Geographic Region
,323,"±2,185.2",חדרה,Geographic Region
From work,323,16908,חדרה,Geographic Region
,323,"±2,107.1",חדרה,Geographic Region
From wages and salary,323,12811,חדרה,Geographic Region
,323,"±1,786.9",חדרה,Geographic Region
From self-employment and occasional work,323,"(4,097)",חדרה,Geographic Region
,323,"±1,861.2",חדרה,Geographic Region
From capital,323,(396),חדרה,Geographic Region
,323,±168.0,חדרה,Geographic Region
From pensions and provident funds,323,"(1,364)",חדרה,Geographic Region
,323,±532.9,חדרה,Geographic Region
From allowances and assistance,323,"(2,881)",חדרה,Geographic Region
,323,±907.5,חדרה,Geographic Region
From National Insurance Institute,323,"1,818",חדרה,Geographic Region
,323,±376.3,חדרה,Geographic Region
From other institutions in Israel,323,.. ,חדרה,Geographic Region
,323,.. ,חדרה,Geographic Region
From households and other ,323,.. ,חדרה,Geographic Region
,323,.. ,חדרה,Geographic Region
Compulsory payments – total,323,"3,767",חדרה,Geographic Region
,323,±869.8,חדרה,Geographic Region
Income tax,323,"2,314",חדרה,Geographic Region
,323,±619.3,חדרה,Geographic Region
National insurance payments,323,778,חדרה,Geographic Region
,323,±207.4,חדרה,Geographic Region
National health insurance,323,675,חדרה,Geographic Region
,323,±94.9,חדרה,Geographic Region
Transfers to other households(2),323,(427),חדרה,Geographic Region
,323,±151.8,חדרה,Geographic Region
Mortgage payments (principal+interest)(3),323,"1,016",חדרה,Geographic Region
,323,±260.5,חדרה,Geographic Region
Households in population (thousands),551,249.2,חיפה,Geographic Region
,551,±18.4,חיפה,Geographic Region
Average persons in household,551,2.47,חיפה,Geographic Region
,551,±0.1,חיפה,Geographic Region
Average standard persons in household,551,2.22,חיפה,Geographic Region
,551,±0.1,חיפה,Geographic Region
Average earners in household,551,1.23,חיפה,Geographic Region
,551,±0.1,חיפה,Geographic Region
Average age of economic head of household,551,50.9,חיפה,Geographic Region
,551,±1.7,חיפה,Geographic Region
"Average years of schooling 
of economic head of  household",551,14.9,חיפה,Geographic Region
,551,±0.4,חיפה,Geographic Region
Net money income per household,551,15864,חיפה,Geographic Region
,551,±881.6,חיפה,Geographic Region
Net money income per person,551,6427.9,חיפה,Geographic Region
,551,±374.4,חיפה,Geographic Region
Money expenditure per household,551,12624,חיפה,Geographic Region
,551,±716.8,חיפה,Geographic Region
Money expenditure per person,551,5115.4,חיפה,Geographic Region
,551,±328.4,חיפה,Geographic Region
Median of  gross money income per household,551,14558,חיפה,Geographic Region
,551,"±1,373.3",חיפה,Geographic Region
Gross money income – total,551,18459,חיפה,Geographic Region
,551,"±1,185.0",חיפה,Geographic Region
From work,551,12621,חיפה,Geographic Region
,551,"±1,160.1",חיפה,Geographic Region
From wages and salary,551,10858,חיפה,Geographic Region
,551,"±1,093.8",חיפה,Geographic Region
From self-employment and occasional work,551,"(1,763)",חיפה,Geographic Region
,551,±603.7,חיפה,Geographic Region
From capital,551,(468),חיפה,Geographic Region
,551,±190.3,חיפה,Geographic Region
From pensions and provident funds,551,"2,418",חיפה,Geographic Region
,551,±487.0,חיפה,Geographic Region
From allowances and assistance,551,"2,952",חיפה,Geographic Region
,551,±369.6,חיפה,Geographic Region
From National Insurance Institute,551,"2,169",חיפה,Geographic Region
,551,±301.3,חיפה,Geographic Region
From other institutions in Israel,551,(616),חיפה,Geographic Region
,551,±185.1,חיפה,Geographic Region
From households and other ,551,167,חיפה,Geographic Region
,551,±47.8,חיפה,Geographic Region
Compulsory payments – total,551,"2,596",חיפה,Geographic Region
,551,±372.0,חיפה,Geographic Region
Income tax,551,"1,606",חיפה,Geographic Region
,551,±274.3,חיפה,Geographic Region
National insurance payments,551,497,חיפה,Geographic Region
,551,±68.2,חיפה,Geographic Region
National health insurance,551,493,חיפה,Geographic Region
,551,±49.0,חיפה,Geographic Region
Transfers to other households(2),551,(450),חיפה,Geographic Region
,551,±135.3,חיפה,Geographic Region
Mortgage payments (principal+interest)(3),551,837,חיפה,Geographic Region
,551,±223.5,חיפה,Geographic Region
Households in population (thousands),481,215.5,עכו,Geographic Region
,481,±18.3,עכו,Geographic Region
Average persons in household,481,3.41,עכו,Geographic Region
,481,±0.1,עכו,Geographic Region
Average standard persons in household,481,2.81,עכו,Geographic Region
,481,±0.1,עכו,Geographic Region
Average earners in household,481,1.48,עכו,Geographic Region
,481,±0.1,עכו,Geographic Region
Average age of economic head of household,481,47.5,עכו,Geographic Region
,481,±1.6,עכו,Geographic Region
"Average years of schooling 
of economic head of  household",481,13,עכו,Geographic Region
,481,±0.4,עכו,Geographic Region
Net money income per household,481,16134,עכו,Geographic Region
,481,"±1,116.6",עכו,Geographic Region
Net money income per person,481,4732.7,עכו,Geographic Region
,481,±328.4,עכו,Geographic Region
Money expenditure per household,481,15279,עכו,Geographic Region
,481,"±1,098.6",עכו,Geographic Region
Money expenditure per person,481,4481.9,עכו,Geographic Region
,481,±317.7,עכו,Geographic Region
Median of  gross money income per household,481,14006,עכו,Geographic Region
,481,"±1,203.5",עכו,Geographic Region
Gross money income – total,481,18466,עכו,Geographic Region
,481,"±1,510.4",עכו,Geographic Region
From work,481,14593,עכו,Geographic Region
,481,"±1,540.0",עכו,Geographic Region
From wages and salary,481,12292,עכו,Geographic Region
,481,"±1,487.9",עכו,Geographic Region
From self-employment and occasional work,481,"2,301",עכו,Geographic Region
,481,±649.1,עכו,Geographic Region
From capital,481,(330),עכו,Geographic Region
,481,±127.9,עכו,Geographic Region
From pensions and provident funds,481,978,עכו,Geographic Region
,481,±270.6,עכו,Geographic Region
From allowances and assistance,481,"2,565",עכו,Geographic Region
,481,±294.8,עכו,Geographic Region
From National Insurance Institute,481,"2,241",עכו,Geographic Region
,481,±270.5,עכו,Geographic Region
From other institutions in Israel,481,(156),עכו,Geographic Region
,481,±80.6,עכו,Geographic Region
From households and other ,481,(168),עכו,Geographic Region
,481,±93.5,עכו,Geographic Region
Compulsory payments – total,481,"2,333",עכו,Geographic Region
,481,±464.8,עכו,Geographic Region
Income tax,481,"1,181",עכו,Geographic Region
,481,±349.9,עכו,Geographic Region
National insurance payments,481,568,עכו,Geographic Region
,481,±84.0,עכו,Geographic Region
National health insurance,481,584,עכו,Geographic Region
,481,±60.3,עכו,Geographic Region
Transfers to other households(2),481,640,עכו,Geographic Region
,481,±148.6,עכו,Geographic Region
Mortgage payments (principal+interest)(3),481,(696),עכו,Geographic Region
,481,±223.9,עכו,Geographic Region
Households in population (thousands),421,169.5,יזרעאל,Geographic Region
,421,±17.8,יזרעאל,Geographic Region
Average persons in household,421,3.24,יזרעאל,Geographic Region
,421,±0.2,יזרעאל,Geographic Region
Average standard persons in household,421,2.7,יזרעאל,Geographic Region
,421,±0.1,יזרעאל,Geographic Region
Average earners in household,421,1.35,יזרעאל,Geographic Region
,421,±0.1,יזרעאל,Geographic Region
Average age of economic head of household,421,47.1,יזרעאל,Geographic Region
,421,±1.9,יזרעאל,Geographic Region
"Average years of schooling 
of economic head of  household",421,13,יזרעאל,Geographic Region
,421,±0.4,יזרעאל,Geographic Region
Net money income per household,421,15231,יזרעאל,Geographic Region
,421,"±1,154.7",יזרעאל,Geographic Region
Net money income per person,421,4702.6,יזרעאל,Geographic Region
,421,±304.8,יזרעאל,Geographic Region
Money expenditure per household,421,15165,יזרעאל,Geographic Region
,421,"±1,193.5",יזרעאל,Geographic Region
Money expenditure per person,421,4682.1,יזרעאל,Geographic Region
,421,±322.4,יזרעאל,Geographic Region
Median of  gross money income per household,421,12908,יזרעאל,Geographic Region
,421,"±1,525.7",יזרעאל,Geographic Region
Gross money income – total,421,17823,יזרעאל,Geographic Region
,421,"±1,563.3",יזרעאל,Geographic Region
From work,421,13931,יזרעאל,Geographic Region
,421,"±1,562.1",יזרעאל,Geographic Region
From wages and salary,421,12012,יזרעאל,Geographic Region
,421,"±1,446.8",יזרעאל,Geographic Region
From self-employment and occasional work,421,"(1,919)",יזרעאל,Geographic Region
,421,±786.3,יזרעאל,Geographic Region
From capital,421,(323),יזרעאל,Geographic Region
,421,±138.4,יזרעאל,Geographic Region
From pensions and provident funds,421,864,יזרעאל,Geographic Region
,421,±257.6,יזרעאל,Geographic Region
From allowances and assistance,421,"2,705",יזרעאל,Geographic Region
,421,±338.7,יזרעאל,Geographic Region
From National Insurance Institute,421,"2,365",יזרעאל,Geographic Region
,421,±313.7,יזרעאל,Geographic Region
From other institutions in Israel,421,(216),יזרעאל,Geographic Region
,421,±91.1,יזרעאל,Geographic Region
From households and other ,421,(125),יזרעאל,Geographic Region
,421,±55.4,יזרעאל,Geographic Region
Compulsory payments – total,421,"2,592",יזרעאל,Geographic Region
,421,±488.7,יזרעאל,Geographic Region
Income tax,421,"1,502",יזרעאל,Geographic Region
,421,±350.5,יזרעאל,Geographic Region
National insurance payments,421,545,יזרעאל,Geographic Region
,421,±95.5,יזרעאל,Geographic Region
National health insurance,421,545,יזרעאל,Geographic Region
,421,±62.9,יזרעאל,Geographic Region
Transfers to other households(2),421,532,יזרעאל,Geographic Region
,421,±117.8,יזרעאל,Geographic Region
Mortgage payments (principal+interest)(3),421,787,יזרעאל,Geographic Region
,421,±214.6,יזרעאל,Geographic Region
Households in population (thousands),200,77.6,"צפת, כנרת וגולן",Geographic Region
,200,±12.5,"צפת, כנרת וגולן",Geographic Region
Average persons in household,200,3.28,"צפת, כנרת וגולן",Geographic Region
,200,±0.3,"צפת, כנרת וגולן",Geographic Region
Average standard persons in household,200,2.7,"צפת, כנרת וגולן",Geographic Region
,200,±0.2,"צפת, כנרת וגולן",Geographic Region
Average earners in household,200,1.38,"צפת, כנרת וגולן",Geographic Region
,200,±0.2,"צפת, כנרת וגולן",Geographic Region
Average age of economic head of household,200,47.1,"צפת, כנרת וגולן",Geographic Region
,200,±2.7,"צפת, כנרת וגולן",Geographic Region
"Average years of schooling 
of economic head of  household",200,13.5,"צפת, כנרת וגולן",Geographic Region
,200,±0.7,"צפת, כנרת וגולן",Geographic Region
Net money income per household,200,16381,"צפת, כנרת וגולן",Geographic Region
,200,"±1,663.4","צפת, כנרת וגולן",Geographic Region
Net money income per person,200,4998.4,"צפת, כנרת וגולן",Geographic Region
,200,±526.0,"צפת, כנרת וגולן",Geographic Region
Money expenditure per household,200,13844,"צפת, כנרת וגולן",Geographic Region
,200,"±1,349.2","צפת, כנרת וגולן",Geographic Region
Money expenditure per person,200,4224.1,"צפת, כנרת וגולן",Geographic Region
,200,±415.6,"צפת, כנרת וגולן",Geographic Region
Median of  gross money income per household,200,15967,"צפת, כנרת וגולן",Geographic Region
,200,"±1,802.7","צפת, כנרת וגולן",Geographic Region
Gross money income – total,200,18172,"צפת, כנרת וגולן",Geographic Region
,200,"±2,043.1","צפת, כנרת וגולן",Geographic Region
From work,200,13052,"צפת, כנרת וגולן",Geographic Region
,200,"±1,884.7","צפת, כנרת וגולן",Geographic Region
From wages and salary,200,10935,"צפת, כנרת וגולן",Geographic Region
,200,"±1,769.8","צפת, כנרת וגולן",Geographic Region
From self-employment and occasional work,200,"(2,117)","צפת, כנרת וגולן",Geographic Region
,200,±910.5,"צפת, כנרת וגולן",Geographic Region
From capital,200,.. ,"צפת, כנרת וגולן",Geographic Region
,200,.. ,"צפת, כנרת וגולן",Geographic Region
From pensions and provident funds,200,"(1,072)","צפת, כנרת וגולן",Geographic Region
,200,±375.1,"צפת, כנרת וגולן",Geographic Region
From allowances and assistance,200,"3,123","צפת, כנרת וגולן",Geographic Region
,200,±506.7,"צפת, כנרת וגולן",Geographic Region
From National Insurance Institute,200,"2,148","צפת, כנרת וגולן",Geographic Region
,200,±392.2,"צפת, כנרת וגולן",Geographic Region
From other institutions in Israel,200,(570),"צפת, כנרת וגולן",Geographic Region
,200,±293.1,"צפת, כנרת וגולן",Geographic Region
From households and other ,200,(405),"צפת, כנרת וגולן",Geographic Region
,200,±202.9,"צפת, כנרת וגולן",Geographic Region
Compulsory payments – total,200,"1,791","צפת, כנרת וגולן",Geographic Region
,200,±482.5,"צפת, כנרת וגולן",Geographic Region
Income tax,200,(754),"צפת, כנרת וגולן",Geographic Region
,200,±354.0,"צפת, כנרת וגולן",Geographic Region
National insurance payments,200,511,"צפת, כנרת וגולן",Geographic Region
,200,±105.4,"צפת, כנרת וגולן",Geographic Region
National health insurance,200,526,"צפת, כנרת וגולן",Geographic Region
,200,±77.3,"צפת, כנרת וגולן",Geographic Region
Transfers to other households(2),200,(515),"צפת, כנרת וגולן",Geographic Region
,200,±212.8,"צפת, כנרת וגולן",Geographic Region
Mortgage payments (principal+interest)(3),200,808,"צפת, כנרת וגולן",Geographic Region
,200,±228.1,"צפת, כנרת וגולן",Geographic Region
Households in population (thousands),883,320.2,ירושלים,Geographic Region
,883,±16.0,ירושלים,Geographic Region
Average persons in household,883,3.9,ירושלים,Geographic Region
,883,±0.1,ירושלים,Geographic Region
Average standard persons in household,883,3.04,ירושלים,Geographic Region
,883,±0.1,ירושלים,Geographic Region
Average earners in household,883,1.26,ירושלים,Geographic Region
,883,±0.1,ירושלים,Geographic Region
Average age of economic head of household,883,45.4,ירושלים,Geographic Region
,883,±1.0,ירושלים,Geographic Region
"Average years of schooling 
of economic head of  household",883,14.7,ירושלים,Geographic Region
,883,±0.4,ירושלים,Geographic Region
Net money income per household,883,14830,ירושלים,Geographic Region
,883,±782.1,ירושלים,Geographic Region
Net money income per person,883,3804.6,ירושלים,Geographic Region
,883,±215.9,ירושלים,Geographic Region
Money expenditure per household,883,13707,ירושלים,Geographic Region
,883,±759.4,ירושלים,Geographic Region
Money expenditure per person,883,3516.5,ירושלים,Geographic Region
,883,±192.6,ירושלים,Geographic Region
Median of  gross money income per household,883,13468,ירושלים,Geographic Region
,883,±709.1,ירושלים,Geographic Region
Gross money income – total,883,17173,ירושלים,Geographic Region
,883,"±1,062.8",ירושלים,Geographic Region
From work,883,12377,ירושלים,Geographic Region
,883,"±1,038.5",ירושלים,Geographic Region
From wages and salary,883,10347,ירושלים,Geographic Region
,883,"±1,003.9",ירושלים,Geographic Region
From self-employment and occasional work,883,"2,029",ירושלים,Geographic Region
,883,±456.7,ירושלים,Geographic Region
From capital,883,532,ירושלים,Geographic Region
,883,±126.4,ירושלים,Geographic Region
From pensions and provident funds,883,"1,368",ירושלים,Geographic Region
,883,±279.9,ירושלים,Geographic Region
From allowances and assistance,883,"2,896",ירושלים,Geographic Region
,883,±247.3,ירושלים,Geographic Region
From National Insurance Institute,883,"1,930",ירושלים,Geographic Region
,883,±188.9,ירושלים,Geographic Region
From other institutions in Israel,883,490,ירושלים,Geographic Region
,883,±76.6,ירושלים,Geographic Region
From households and other ,883,475,ירושלים,Geographic Region
,883,±123.7,ירושלים,Geographic Region
Compulsory payments – total,883,"2,343",ירושלים,Geographic Region
,883,±320.2,ירושלים,Geographic Region
Income tax,883,"1,326",ירושלים,Geographic Region
,883,±228.7,ירושלים,Geographic Region
National insurance payments,883,497,ירושלים,Geographic Region
,883,±59.5,ירושלים,Geographic Region
National health insurance,883,520,ירושלים,Geographic Region
,883,±44.3,ירושלים,Geographic Region
Transfers to other households(2),883,249,ירושלים,Geographic Region
,883,±59.8,ירושלים,Geographic Region
Mortgage payments (principal+interest)(3),883,"1,008",ירושלים,Geographic Region
,883,±260.8,ירושלים,Geographic Region
